Price,Confidence Interval,Timestamp
3018.7949,1.2494,2022-02-05 15:06:44.181501
3018.7949,1.53025,2022-02-05 15:06:44.370729
3018.7949,1.53025,2022-02-05 15:06:44.555415
3019.1338,1.82525,2022-02-05 15:06:44.738794
3019.1338,1.82525,2022-02-05 15:06:44.923992
3019.1338,1.82525,2022-02-05 15:06:45.116200
3019.1136,1.6911,2022-02-05 15:06:45.301225
3019.1136,1.6911,2022-02-05 15:06:45.493473
3019.3777,2.52835,2022-02-05 15:06:45.683740
3019.3777,2.52835,2022-02-05 15:06:45.879403
3019.3777,2.52835,2022-02-05 15:06:46.483538
3019.3522000000003,2.7288,2022-02-05 15:06:46.675771
3019.3522000000003,2.7288,2022-02-05 15:06:46.862482
3019.3551,2.7237,2022-02-05 15:06:47.046248
3019.3807,2.52365,2022-02-05 15:06:47.236255
3019.3807,2.52365,2022-02-05 15:06:47.426139
3019.398,2.21245,2022-02-05 15:06:47.619196
3019.398,2.21245,2022-02-05 15:06:47.818386
3019.4384,2.43175,2022-02-05 15:06:48.010329
3019.4384,2.43175,2022-02-05 15:06:48.195391
3019.4384,2.43175,2022-02-05 15:06:48.390325
3019.4384,2.43175,2022-02-05 15:06:48.581898
3019.3964,2.208,2022-02-05 15:06:48.769552
3019.4367,2.4266,2022-02-05 15:06:48.959971
3019.4367,2.4266,2022-02-05 15:06:49.160283
3019.6007,2.10245,2022-02-05 15:06:49.349794
3019.6007,2.10245,2022-02-05 15:06:49.542056
3019.4516,2.2376,2022-02-05 15:06:49.735645
3019.4516,2.2376,2022-02-05 15:06:49.925871
3019.4516,2.2376,2022-02-05 15:06:50.117857
3019.4516,2.2376,2022-02-05 15:06:50.306970
3019.4177,2.0380000000000003,2022-02-05 15:06:50.490926
3019.4177,2.0380000000000003,2022-02-05 15:06:50.680193
3019.4177,2.0380000000000003,2022-02-05 15:06:50.872434
3019.4177,2.0380000000000003,2022-02-05 15:06:51.080743
3019.5142,2.4677000000000002,2022-02-05 15:06:51.275424
3019.5142,2.4677000000000002,2022-02-05 15:06:51.468889
3019.5142,2.4677000000000002,2022-02-05 15:06:51.669057
3019.5142,2.4677000000000002,2022-02-05 15:06:51.860643
3019.5142,2.4677000000000002,2022-02-05 15:06:52.049056
3019.4878,2.3143000000000002,2022-02-05 15:06:52.241561
3019.4878,2.3143000000000002,2022-02-05 15:06:52.429460
3019.4878,2.3143000000000002,2022-02-05 15:06:52.622936
3019.4987,2.1639500000000003,2022-02-05 15:06:52.814322
3019.4987,2.1639500000000003,2022-02-05 15:06:52.999419
3019.529,2.297,2022-02-05 15:06:53.187481
3019.529,2.297,2022-02-05 15:06:53.370482
3019.4788,2.3325,2022-02-05 15:06:53.555025
3019.5051,2.1536,2022-02-05 15:06:53.756893
3019.5051,2.1536,2022-02-05 15:06:53.940341
3019.5051,2.1536,2022-02-05 15:06:54.130297
3019.5051,2.1536,2022-02-05 15:06:54.318356
3019.5051,2.1536,2022-02-05 15:06:54.507783
3019.5051,2.1536,2022-02-05 15:06:54.699106
3019.5051,2.1536,2022-02-05 15:06:54.893967
3019.5051,2.1536,2022-02-05 15:06:55.091089
3019.5051,2.1536,2022-02-05 15:06:55.271099
3019.5051,2.1536,2022-02-05 15:06:55.465484
3019.5051,2.1536,2022-02-05 15:06:55.651229
3019.5051,2.1536,2022-02-05 15:06:55.837803
3019.6330000000003,3.1305,2022-02-05 15:06:56.032005
3019.6330000000003,3.1305,2022-02-05 15:06:56.219726
3019.5522,2.1406,2022-02-05 15:06:56.403240
3019.6130000000003,1.72995,2022-02-05 15:06:56.594606
3019.6130000000003,1.72995,2022-02-05 15:06:56.780885
3019.6130000000003,1.72995,2022-02-05 15:06:56.969329
3019.6130000000003,1.72995,2022-02-05 15:06:57.160316
3019.6130000000003,1.72995,2022-02-05 15:06:57.352348
3019.6130000000003,1.72995,2022-02-05 15:06:57.543875
3019.6429000000003,1.5482,2022-02-05 15:06:57.728555
3019.6429000000003,1.5482,2022-02-05 15:06:57.916336
3019.6456000000003,1.8934,2022-02-05 15:06:58.118695
3019.6456000000003,1.8934,2022-02-05 15:06:58.307546
3019.6456000000003,1.8934,2022-02-05 15:06:58.497275
3019.6456000000003,1.8934,2022-02-05 15:06:58.683806
3019.6456000000003,1.8934,2022-02-05 15:06:58.882801
3019.6456000000003,1.8934,2022-02-05 15:06:59.073943
3019.6456000000003,1.8934,2022-02-05 15:06:59.272817
3019.6535,2.17315,2022-02-05 15:06:59.468377
3019.6535,2.17315,2022-02-05 15:06:59.658822
3019.6516,1.88395,2022-02-05 15:06:59.844631
3019.6516,1.88395,2022-02-05 15:07:00.037218
3019.6516,1.88395,2022-02-05 15:07:00.231850
3019.6516,1.88395,2022-02-05 15:07:00.423619
3019.6516,1.88395,2022-02-05 15:07:00.619746
3019.6516,1.88395,2022-02-05 15:07:00.813561
3019.6516,1.88395,2022-02-05 15:07:01.001789
3019.6516,1.88395,2022-02-05 15:07:01.191246
3019.6516,1.88395,2022-02-05 15:07:01.388244
3019.6516,1.88395,2022-02-05 15:07:01.579929
3019.6516,1.88395,2022-02-05 15:07:01.776482
3019.6599,2.86235,2022-02-05 15:07:01.961839
3019.6391,2.8665000000000003,2022-02-05 15:07:02.153680
3019.6391,2.8665000000000003,2022-02-05 15:07:02.345174
3019.6391,2.8665000000000003,2022-02-05 15:07:02.546817
3019.41,2.4103,2022-02-05 15:07:02.742190
3019.4913,1.9281000000000001,2022-02-05 15:07:02.946544
3019.4913,1.9281000000000001,2022-02-05 15:07:03.137574
3019.4913,1.9281000000000001,2022-02-05 15:07:03.327280
3019.4913,1.9281000000000001,2022-02-05 15:07:03.521195
3019.4913,1.9281000000000001,2022-02-05 15:07:03.708638
3019.4913,1.9281000000000001,2022-02-05 15:07:03.893643
3019.4913,1.9281000000000001,2022-02-05 15:07:04.082347
3019.4913,1.9281000000000001,2022-02-05 15:07:04.276650
3019.4913,1.9281000000000001,2022-02-05 15:07:04.466624
3019.4913,1.9281000000000001,2022-02-05 15:07:04.656087
3019.4913,1.9281000000000001,2022-02-05 15:07:04.845481
3019.4913,1.9281000000000001,2022-02-05 15:07:05.037029
3019.5298000000003,3.0967000000000002,2022-02-05 15:07:05.220734
3019.5298000000003,3.0967000000000002,2022-02-05 15:07:05.412818
3019.5173,3.2138,2022-02-05 15:07:05.601489
3019.5533,3.18135,2022-02-05 15:07:05.791124
3019.5533,3.18135,2022-02-05 15:07:05.982970
3019.5404,2.0976500000000002,2022-02-05 15:07:06.172302
3019.5404,2.0976500000000002,2022-02-05 15:07:06.358533
3019.5404,2.0976500000000002,2022-02-05 15:07:06.550331
3019.5404,2.0976500000000002,2022-02-05 15:07:06.740600
3019.5404,2.0976500000000002,2022-02-05 15:07:06.938365
3019.5272,2.5651,2022-02-05 15:07:07.131100
3019.5272,2.5651,2022-02-05 15:07:07.322202
3019.4913,2.12725,2022-02-05 15:07:07.512602
3019.4913,2.12725,2022-02-05 15:07:07.701415
3019.4913,2.12725,2022-02-05 15:07:07.893217
3019.4913,2.12725,2022-02-05 15:07:08.095922
3019.4913,2.12725,2022-02-05 15:07:08.283525
3019.4913,2.12725,2022-02-05 15:07:08.474136
3019.4913,2.12725,2022-02-05 15:07:08.668207
3019.4913,2.12725,2022-02-05 15:07:08.859463
3019.5302,2.5048500000000002,2022-02-05 15:07:09.046252
3019.498,2.1149,2022-02-05 15:07:09.234198
3019.5191,1.95695,2022-02-05 15:07:09.424267
3019.5191,1.95695,2022-02-05 15:07:09.612536
3019.5191,1.95695,2022-02-05 15:07:09.805764
3019.5191,1.95695,2022-02-05 15:07:09.994298
3019.5191,1.95695,2022-02-05 15:07:10.188375
3019.5191,1.95695,2022-02-05 15:07:10.377591
3019.5288,2.2419000000000002,2022-02-05 15:07:10.568180
3019.5257,1.9457,2022-02-05 15:07:10.754244
3019.5257,1.9457,2022-02-05 15:07:10.950348
3019.5257,1.9457,2022-02-05 15:07:11.142450
3019.5047,2.1025,2022-02-05 15:07:11.333453
3019.5047,2.1025,2022-02-05 15:07:11.525209
3019.4947,1.7692,2022-02-05 15:07:11.714523
3019.4947,1.7692,2022-02-05 15:07:11.899562
3019.4947,1.7692,2022-02-05 15:07:12.086993
3019.4947,1.7692,2022-02-05 15:07:12.283039
3019.4947,1.7692,2022-02-05 15:07:12.476770
3019.4947,1.7692,2022-02-05 15:07:12.664079
3019.4947,1.7692,2022-02-05 15:07:12.849994
3019.4947,1.7692,2022-02-05 15:07:13.042056
3019.4947,1.7692,2022-02-05 15:07:13.229491
3019.4947,1.7692,2022-02-05 15:07:13.429161
3019.4947,1.7692,2022-02-05 15:07:13.619985
3019.4947,1.7692,2022-02-05 15:07:13.816619
3019.4947,1.7692,2022-02-05 15:07:14.010703
3019.4947,1.7692,2022-02-05 15:07:14.207848
3019.4947,1.7692,2022-02-05 15:07:14.396319
3019.4947,1.7692,2022-02-05 15:07:14.592522
3019.4947,1.7692,2022-02-05 15:07:14.784300
3019.4947,1.7692,2022-02-05 15:07:14.975518
3019.4947,1.7692,2022-02-05 15:07:15.164644
3019.4947,1.7692,2022-02-05 15:07:15.358614
3019.4947,1.7692,2022-02-05 15:07:15.550218
3019.4947,1.7692,2022-02-05 15:07:15.741790
3019.4947,1.7692,2022-02-05 15:07:15.927578
3019.4947,1.7692,2022-02-05 15:07:16.118150
3019.4576,4.13845,2022-02-05 15:07:16.308990
3019.4576,4.13845,2022-02-05 15:07:16.495372
3019.4785,3.9944,2022-02-05 15:07:16.685611
3019.3724,1.8545,2022-02-05 15:07:16.877087
3019.3724,1.8545,2022-02-05 15:07:17.070585
3019.3724,1.8545,2022-02-05 15:07:17.259008
3019.3724,1.8545,2022-02-05 15:07:17.450470
3019.3724,1.8545,2022-02-05 15:07:17.636248
3019.3724,1.8545,2022-02-05 15:07:17.823847
3019.3859,2.10875,2022-02-05 15:07:18.018585
3019.3761,1.8479,2022-02-05 15:07:18.208384
3019.3761,1.8479,2022-02-05 15:07:18.397535
3019.3761,1.8479,2022-02-05 15:07:18.595205
3019.3761,1.8479,2022-02-05 15:07:18.787792
3019.3578,1.9862,2022-02-05 15:07:18.978645
3019.3578,1.9862,2022-02-05 15:07:19.166422
3019.8685,1.6555,2022-02-05 15:07:19.361802
3019.8133000000003,1.43425,2022-02-05 15:07:19.548417
3019.8133000000003,1.43425,2022-02-05 15:07:19.736021
3019.8133000000003,1.43425,2022-02-05 15:07:19.927486
3019.8133000000003,1.43425,2022-02-05 15:07:20.114058
3019.8133000000003,1.6311,2022-02-05 15:07:20.303534
3019.8133000000003,1.6311,2022-02-05 15:07:20.680725
3019.8031,1.61335,2022-02-05 15:07:20.963708
3019.8031,1.61335,2022-02-05 15:07:21.244069
3019.8031,1.4197,2022-02-05 15:07:21.432819
3019.8031,1.61335,2022-02-05 15:07:21.620823
3019.8031,1.61335,2022-02-05 15:07:21.807688
3019.8031,1.61335,2022-02-05 15:07:21.998944
3019.9163,1.52785,2022-02-05 15:07:22.294670
3019.9959,1.62045,2022-02-05 15:07:22.484082
3019.9959,1.62045,2022-02-05 15:07:22.669007
3020.3292,1.43185,2022-02-05 15:07:22.851802
3020.3292,1.43185,2022-02-05 15:07:23.036758
3020.3278,1.4292,2022-02-05 15:07:23.346552
3020.3278,1.4292,2022-02-05 15:07:23.533452
3020.3278,1.4292,2022-02-05 15:07:23.725783
3020.3278,1.4292,2022-02-05 15:07:23.923967
3020.3278,1.4292,2022-02-05 15:07:24.245503
3020.3523,1.58305,2022-02-05 15:07:24.578532
3020.9281,1.3398,2022-02-05 15:07:24.764586
3020.9281,1.3398,2022-02-05 15:07:24.960996
3020.9281,1.3398,2022-02-05 15:07:25.151366
3020.9321,1.4659,2022-02-05 15:07:25.335289
3020.9321,1.4659,2022-02-05 15:07:25.525321
3021.2104,1.53105,2022-02-05 15:07:25.718727
3021.2104,1.53105,2022-02-05 15:07:25.908244
3021.2104,1.53105,2022-02-05 15:07:26.101134
3021.2104,1.53105,2022-02-05 15:07:26.288457
3021.2171,1.4055,2022-02-05 15:07:26.478477
3021.2171,1.4055,2022-02-05 15:07:26.670282
3021.2171,1.4055,2022-02-05 15:07:26.867386
3021.2171,1.4055,2022-02-05 15:07:27.060446
3021.2171,1.4055,2022-02-05 15:07:27.249737
3021.2171,1.4055,2022-02-05 15:07:27.437791
3021.2171,1.4055,2022-02-05 15:07:27.626803
3021.2171,1.4055,2022-02-05 15:07:27.815835
3021.2171,1.4055,2022-02-05 15:07:28.001867
3021.2171,1.4055,2022-02-05 15:07:28.188750
3021.2365,2.13695,2022-02-05 15:07:28.374737
3021.5911,1.9849,2022-02-05 15:07:28.565453
3021.5911,1.9849,2022-02-05 15:07:28.755242
3021.5911,2.1439500000000002,2022-02-05 15:07:28.950588
3021.5911,2.1439500000000002,2022-02-05 15:07:29.143904
3022.4105,2.63535,2022-02-05 15:07:29.335897
3022.4105,2.63535,2022-02-05 15:07:29.529867
3022.4105,2.63535,2022-02-05 15:07:29.721569
3022.4105,2.63535,2022-02-05 15:07:29.914098
3022.4105,2.63535,2022-02-05 15:07:30.102757
3022.0715,2.1873,2022-02-05 15:07:30.289859
3022.0732000000003,1.8372,2022-02-05 15:07:30.482931
3022.0732000000003,1.8372,2022-02-05 15:07:30.670831
3022.0691,2.0308,2022-02-05 15:07:30.862784
3022.0691,2.0308,2022-02-05 15:07:31.056723
3022.0691,2.0308,2022-02-05 15:07:31.244933
3022.0794,1.95885,2022-02-05 15:07:31.428875
3022.1134,1.7676,2022-02-05 15:07:31.618754
3022.1134,1.7676,2022-02-05 15:07:31.812322
3022.1112000000003,1.95035,2022-02-05 15:07:31.999569
3022.1112000000003,1.95035,2022-02-05 15:07:32.187796
3022.0152000000003,1.8809,2022-02-05 15:07:32.380881
3022.0152000000003,1.8809,2022-02-05 15:07:32.570796
3022.0152000000003,1.8809,2022-02-05 15:07:32.762898
3022.0152000000003,1.8809,2022-02-05 15:07:32.952452
3022.0152000000003,1.8809,2022-02-05 15:07:33.144405
3022.1158,1.557,2022-02-05 15:07:33.343346
3022.1158,1.557,2022-02-05 15:07:33.538823
3022.1201,1.89675,2022-02-05 15:07:33.722879
3022.1201,1.89675,2022-02-05 15:07:33.908285
3022.1201,1.89675,2022-02-05 15:07:34.091943
3022.1201,1.89675,2022-02-05 15:07:34.281910
3022.1052,2.0602,2022-02-05 15:07:34.471203
3022.1052,2.0602,2022-02-05 15:07:34.661317
3022.1052,2.0602,2022-02-05 15:07:34.849186
3021.8114,1.71665,2022-02-05 15:07:35.048760
3021.8114,1.71665,2022-02-05 15:07:35.232746
3021.6041,1.8771,2022-02-05 15:07:35.422841
3021.6041,1.8771,2022-02-05 15:07:35.612387
3021.6041,1.8771,2022-02-05 15:07:35.818909
3021.6041,1.8771,2022-02-05 15:07:36.011703
3021.6961,2.2077,2022-02-05 15:07:36.201534
3021.6961,2.2077,2022-02-05 15:07:36.392366
3021.6745,1.57325,2022-02-05 15:07:36.579369
3021.6745,1.57325,2022-02-05 15:07:36.765936
3021.6901000000003,1.9132500000000001,2022-02-05 15:07:36.961153
3021.6901000000003,1.9132500000000001,2022-02-05 15:07:37.159681
3021.6901000000003,1.9132500000000001,2022-02-05 15:07:37.349119
3021.6901000000003,1.9132500000000001,2022-02-05 15:07:37.538976
3021.7575,1.8478,2022-02-05 15:07:37.732279
3021.7575,1.8478,2022-02-05 15:07:37.922255
3021.7442,1.55245,2022-02-05 15:07:38.112685
3021.7442,1.55245,2022-02-05 15:07:38.305793
3021.7448,1.53895,2022-02-05 15:07:38.500955
3021.7448,1.53895,2022-02-05 15:07:38.696618
3021.7448,1.53895,2022-02-05 15:07:38.884710
3021.7448,1.53895,2022-02-05 15:07:39.073065
3021.7448,1.53895,2022-02-05 15:07:39.262615
3021.753,1.31225,2022-02-05 15:07:39.466984
3021.7639,1.59795,2022-02-05 15:07:39.660820
3021.7639,1.59795,2022-02-05 15:07:39.846788
3021.7639,1.59795,2022-02-05 15:07:40.034940
3021.7639,1.59795,2022-02-05 15:07:40.228774
3021.7639,1.59795,2022-02-05 15:07:40.418675
3021.7639,1.59795,2022-02-05 15:07:40.609397
3021.7277,1.4454500000000001,2022-02-05 15:07:40.799508
3021.7563,1.3082,2022-02-05 15:07:40.996027
3021.7563,1.3082,2022-02-05 15:07:41.190149
3021.6107,1.6414,2022-02-05 15:07:41.381012
3021.6107,1.6414,2022-02-05 15:07:41.569663
3021.6639,1.8022500000000001,2022-02-05 15:07:41.759380
3021.6639,1.8022500000000001,2022-02-05 15:07:41.943054
3021.6639,1.8022500000000001,2022-02-05 15:07:42.144364
3021.6639,1.8022500000000001,2022-02-05 15:07:42.341554
3021.6639,1.8022500000000001,2022-02-05 15:07:42.530310
3021.6639,1.8022500000000001,2022-02-05 15:07:42.717516
3021.6639,1.8022500000000001,2022-02-05 15:07:42.905880
3021.6639,1.8022500000000001,2022-02-05 15:07:43.094150
3021.6639,1.8022500000000001,2022-02-05 15:07:43.284837
3021.6639,1.8022500000000001,2022-02-05 15:07:43.478238
3021.6639,1.8022500000000001,2022-02-05 15:07:43.668543
3021.6639,1.8022500000000001,2022-02-05 15:07:43.855851
3021.6203,3.1587,2022-02-05 15:07:44.043974
3021.7092000000002,2.6446,2022-02-05 15:07:44.233011
3021.7092000000002,2.6446,2022-02-05 15:07:44.419497
3021.7092000000002,2.6446,2022-02-05 15:07:44.607553
3021.2906000000003,1.2973000000000001,2022-02-05 15:07:44.798414
3021.2906000000003,1.2973000000000001,2022-02-05 15:07:44.982623
3021.2906000000003,1.2973000000000001,2022-02-05 15:07:45.175778
3021.2906000000003,1.2973000000000001,2022-02-05 15:07:45.365468
3021.2906000000003,1.2973000000000001,2022-02-05 15:07:45.562458
3021.2674,1.06285,2022-02-05 15:07:45.755069
3021.2674,1.06285,2022-02-05 15:07:45.958226
3021.2883,1.28595,2022-02-05 15:07:46.149110
3021.2883,1.28595,2022-02-05 15:07:46.343309
3021.2883,1.28595,2022-02-05 15:07:46.532603
3021.2883,1.28595,2022-02-05 15:07:46.721501
3021.2883,1.28595,2022-02-05 15:07:46.913564
3021.2883,1.28595,2022-02-05 15:07:47.103355
3021.2883,1.28595,2022-02-05 15:07:47.295412
3021.2842,1.33885,2022-02-05 15:07:47.490568
3021.4644,1.3823,2022-02-05 15:07:47.684903
3021.4784,1.29745,2022-02-05 15:07:47.873127
3021.4784,1.29745,2022-02-05 15:07:48.062682
3021.4644,1.3823,2022-02-05 15:07:48.251595
3021.4644,1.3823,2022-02-05 15:07:48.436743
3021.4644,1.3823,2022-02-05 15:07:48.624235
3021.4644,1.3823,2022-02-05 15:07:48.810548
3021.4244,1.26025,2022-02-05 15:07:49.005412
3021.4244,1.26025,2022-02-05 15:07:49.202315
3021.4389,1.1827,2022-02-05 15:07:49.395318
3021.4784,1.29745,2022-02-05 15:07:49.586562
3021.4784,1.29745,2022-02-05 15:07:49.772367
3021.4389,1.1827,2022-02-05 15:07:49.958337
3021.4389,1.1827,2022-02-05 15:07:50.146165
3021.4389,1.1827,2022-02-05 15:07:50.331726
3021.4389,1.1827,2022-02-05 15:07:50.527679
3021.4389,1.1827,2022-02-05 15:07:50.716714
3021.4389,1.1827,2022-02-05 15:07:50.904885
3021.4389,1.1827,2022-02-05 15:07:51.100068
3021.4389,1.1827,2022-02-05 15:07:51.289786
3021.4389,1.1827,2022-02-05 15:07:51.472039
3021.4389,1.1827,2022-02-05 15:07:51.665569
3021.4389,1.1827,2022-02-05 15:07:51.858909
3021.6646,1.2549000000000001,2022-02-05 15:07:52.042550
3021.6646,1.2549000000000001,2022-02-05 15:07:52.231779
3021.7789000000002,1.06215,2022-02-05 15:07:52.425501
3021.7789000000002,1.06215,2022-02-05 15:07:52.614159
3021.7789000000002,1.06215,2022-02-05 15:07:52.804035
3021.7722,1.15005,2022-02-05 15:07:52.994208
3021.7722,1.15005,2022-02-05 15:07:53.183705
3021.6635,1.1213,2022-02-05 15:07:53.373747
3021.6635,1.1213,2022-02-05 15:07:53.563516
3021.6883000000003,1.21895,2022-02-05 15:07:53.743684
3021.6883000000003,1.21895,2022-02-05 15:07:53.931824
3021.6883000000003,1.21895,2022-02-05 15:07:54.122213
3021.6883000000003,1.21895,2022-02-05 15:07:54.314327
3021.6883000000003,1.21895,2022-02-05 15:07:54.500410
3021.6883000000003,1.21895,2022-02-05 15:07:54.689386
3021.6933,1.27455,2022-02-05 15:07:54.875874
3021.6933,1.27455,2022-02-05 15:07:55.070643
3021.5082,1.01825,2022-02-05 15:07:55.269037
3021.5082,1.01825,2022-02-05 15:07:55.458823
3021.343,1.26115,2022-02-05 15:07:55.647089
3021.343,1.26115,2022-02-05 15:07:55.837937
3021.343,1.26115,2022-02-05 15:07:56.024475
3021.343,1.26115,2022-02-05 15:07:56.217676
3021.343,1.26115,2022-02-05 15:07:56.406389
3021.343,1.26115,2022-02-05 15:07:56.596088
3021.343,1.26115,2022-02-05 15:07:56.781777
3021.343,1.26115,2022-02-05 15:07:56.976700
3021.343,1.26115,2022-02-05 15:07:57.170806
3021.343,1.26115,2022-02-05 15:07:57.360966
3021.4369,2.01575,2022-02-05 15:07:57.546622
3021.5347,1.6184,2022-02-05 15:07:57.739421
3021.542,1.7322,2022-02-05 15:07:57.931590
3021.542,1.7322,2022-02-05 15:07:58.121103
3021.542,1.7322,2022-02-05 15:07:58.314386
3021.3643,1.65245,2022-02-05 15:07:58.505352
3021.3643,1.65245,2022-02-05 15:07:58.693848
3021.3643,1.65245,2022-02-05 15:07:58.880515
3021.4195,1.1535,2022-02-05 15:07:59.075936
3021.4565000000002,1.2667,2022-02-05 15:07:59.264754
3021.4565000000002,1.2667,2022-02-05 15:07:59.456562
3021.4621,1.24715,2022-02-05 15:07:59.649220
3021.4621,1.24715,2022-02-05 15:07:59.837383
3021.4743,1.41995,2022-02-05 15:08:00.032533
3021.4743,1.41995,2022-02-05 15:08:00.221107
3021.4743,1.41995,2022-02-05 15:08:00.411132
3021.4743,1.41995,2022-02-05 15:08:00.601595
3021.4743,1.41995,2022-02-05 15:08:00.787886
3021.4772000000003,1.5853,2022-02-05 15:08:00.976698
3021.4772000000003,1.5853,2022-02-05 15:08:01.168750
3021.4007,1.01225,2022-02-05 15:08:01.361078
3021.4007,1.01225,2022-02-05 15:08:01.547017
3021.4007,1.01225,2022-02-05 15:08:01.736456
3021.4007,1.01225,2022-02-05 15:08:01.926907
3021.4007,1.01225,2022-02-05 15:08:02.118395
3021.4007,1.01225,2022-02-05 15:08:02.305807
3021.4007,1.01225,2022-02-05 15:08:02.493874
3021.4007,1.01225,2022-02-05 15:08:02.682603
3021.4007,1.01225,2022-02-05 15:08:02.873175
3021.4007,1.01225,2022-02-05 15:08:03.057545
3021.4007,1.01225,2022-02-05 15:08:03.244427
3021.4007,1.01225,2022-02-05 15:08:03.438136
3021.4007,1.01225,2022-02-05 15:08:03.626257
3021.4632,1.6597,2022-02-05 15:08:03.812301
3021.4632,1.6597,2022-02-05 15:08:04.000916
3021.4632,1.6597,2022-02-05 15:08:04.191009
3021.4632,1.6215,2022-02-05 15:08:04.377826
3020.9149,1.20495,2022-02-05 15:08:04.565874
3020.9149,1.20495,2022-02-05 15:08:04.766558
3020.9149,1.20495,2022-02-05 15:08:04.957910
3020.9149,1.20495,2022-02-05 15:08:05.139888
3020.0235000000002,2.4484,2022-02-05 15:08:05.328290
3020.0235000000002,2.4484,2022-02-05 15:08:05.520925
3020.0235000000002,2.4484,2022-02-05 15:08:05.709805
3020.0235000000002,2.4484,2022-02-05 15:08:05.894786
3019.9944,2.62505,2022-02-05 15:08:06.084712
3019.9944,2.62505,2022-02-05 15:08:06.274133
3019.9944,2.62505,2022-02-05 15:08:06.458179
3019.9944,2.62505,2022-02-05 15:08:06.651130
3019.9944,2.62505,2022-02-05 15:08:06.840587
3019.9944,2.62505,2022-02-05 15:08:07.031225
3019.9944,2.62505,2022-02-05 15:08:07.216063
3019.9944,2.62505,2022-02-05 15:08:07.407933
3019.9944,2.62505,2022-02-05 15:08:07.600734
3019.9944,2.62505,2022-02-05 15:08:07.798602
3019.9944,2.62505,2022-02-05 15:08:07.996066
3020.7567,2.2788500000000003,2022-02-05 15:08:08.180057
3020.7567,2.2788500000000003,2022-02-05 15:08:08.383054
3020.7567,2.2788500000000003,2022-02-05 15:08:08.574803
3020.7545,2.0281000000000002,2022-02-05 15:08:08.761513
3020.7631,2.1571000000000002,2022-02-05 15:08:08.946131
3020.7631,2.1571000000000002,2022-02-05 15:08:09.142330
3020.7631,2.1571000000000002,2022-02-05 15:08:09.337657
3020.7631,2.1571000000000002,2022-02-05 15:08:09.530022
3020.7631,2.1571000000000002,2022-02-05 15:08:09.719959
3020.7631,2.1571000000000002,2022-02-05 15:08:09.908952
3020.6848,1.4888000000000001,2022-02-05 15:08:10.097330
3020.6848,1.4888000000000001,2022-02-05 15:08:10.287661
3021.1314,1.19295,2022-02-05 15:08:10.482587
3021.1577,1.29125,2022-02-05 15:08:10.676311
3021.1577,1.29125,2022-02-05 15:08:10.868955
3021.1632,1.2115500000000001,2022-02-05 15:08:11.058339
3021.1577,1.29125,2022-02-05 15:08:11.249404
3021.1577,1.29125,2022-02-05 15:08:11.433134
3021.1717,1.23105,2022-02-05 15:08:11.620224
3021.1717,1.23105,2022-02-05 15:08:11.810630
3021.1717,1.23105,2022-02-05 15:08:11.997074
3021.1717,1.23105,2022-02-05 15:08:12.190643
3021.1717,1.23105,2022-02-05 15:08:12.390086
3021.1717,1.23105,2022-02-05 15:08:12.584571
3021.5244000000002,1.68865,2022-02-05 15:08:12.785801
3021.5244000000002,1.68865,2022-02-05 15:08:12.990024
3021.6196,1.26785,2022-02-05 15:08:13.179979
3021.6196,1.26785,2022-02-05 15:08:13.365913
3021.4221000000002,0.90375,2022-02-05 15:08:13.557789
3021.4221000000002,0.90375,2022-02-05 15:08:13.745844
3021.4221000000002,0.90375,2022-02-05 15:08:13.929330
3021.416,0.99565,2022-02-05 15:08:14.119979
3021.416,0.99565,2022-02-05 15:08:14.316995
3021.6356,1.24085,2022-02-05 15:08:14.504642
3021.6356,1.24085,2022-02-05 15:08:14.694282
3021.6442,1.5063,2022-02-05 15:08:14.883501
3021.6442,1.5063,2022-02-05 15:08:15.074287
3021.6139000000003,1.37805,2022-02-05 15:08:15.273731
3021.6139000000003,1.37805,2022-02-05 15:08:15.463880
3021.6459,1.49425,2022-02-05 15:08:15.657205
3021.6459,1.49425,2022-02-05 15:08:15.851796
3021.6295,1.6137000000000001,2022-02-05 15:08:16.038048
3021.6295,1.6137000000000001,2022-02-05 15:08:16.228846
3021.6519,1.7148,2022-02-05 15:08:16.420828
3021.6972,1.4973,2022-02-05 15:08:16.615312
3021.6972,1.4973,2022-02-05 15:08:16.802881
3021.6972,1.4973,2022-02-05 15:08:16.992287
3021.6972,1.4973,2022-02-05 15:08:17.179008
3021.6972,1.4973,2022-02-05 15:08:17.371389
3021.6972,1.4973,2022-02-05 15:08:17.561174
3021.6839,1.5876000000000001,2022-02-05 15:08:17.753582
3021.6839,1.5876000000000001,2022-02-05 15:08:17.943942
3021.6972,1.4973,2022-02-05 15:08:18.137968
3021.6696,1.36825,2022-02-05 15:08:18.326093
3021.6696,1.36825,2022-02-05 15:08:18.510118
3021.6859,1.2716,2022-02-05 15:08:18.703076
3021.6859,1.2716,2022-02-05 15:08:18.895837
3021.6859,1.2716,2022-02-05 15:08:19.085237
3021.6859,1.2716,2022-02-05 15:08:19.285492
3021.7542,1.15415,2022-02-05 15:08:19.474425
3021.7542,1.15415,2022-02-05 15:08:19.661078
3021.7542,1.15415,2022-02-05 15:08:19.848653
3021.7542,1.15415,2022-02-05 15:08:20.046255
3021.7542,1.15415,2022-02-05 15:08:20.234392
3021.7542,1.15415,2022-02-05 15:08:20.418487
3021.7542,1.15415,2022-02-05 15:08:20.604553
3021.8277000000003,1.04495,2022-02-05 15:08:20.794782
3021.8277000000003,1.04495,2022-02-05 15:08:20.976596
3021.8277000000003,1.04495,2022-02-05 15:08:21.165315
3021.8277000000003,1.04495,2022-02-05 15:08:21.350893
3021.8277000000003,1.04495,2022-02-05 15:08:21.542339
3021.8496,1.2221,2022-02-05 15:08:21.739669
3021.8496,1.2221,2022-02-05 15:08:21.934646
3021.8496,1.2221,2022-02-05 15:08:22.120235
3021.9337,1.02475,2022-02-05 15:08:22.306884
3021.9375,1.01825,2022-02-05 15:08:22.499705
3021.9375,1.01825,2022-02-05 15:08:22.690265
3021.9375,1.01825,2022-02-05 15:08:22.876828
3021.9375,1.01825,2022-02-05 15:08:23.069486
3021.9375,1.01825,2022-02-05 15:08:23.262216
3021.906,0.91905,2022-02-05 15:08:23.454818
3021.906,0.91905,2022-02-05 15:08:23.644048
3021.9414,1.0117,2022-02-05 15:08:23.828967
3021.9414,1.0117,2022-02-05 15:08:24.018597
3021.9414,1.0117,2022-02-05 15:08:24.204695
3021.9414,1.0117,2022-02-05 15:08:24.400460
3021.9414,1.0117,2022-02-05 15:08:24.592758
3021.9414,1.0117,2022-02-05 15:08:24.790158
3021.9414,1.0117,2022-02-05 15:08:24.977234
3021.9414,1.0117,2022-02-05 15:08:25.167301
3021.9414,1.0117,2022-02-05 15:08:25.363634
3021.9414,1.0117,2022-02-05 15:08:25.553126
3021.9683,1.4006,2022-02-05 15:08:25.742923
3021.9683,1.36985,2022-02-05 15:08:25.926200
3021.9683,1.36985,2022-02-05 15:08:26.116448
3021.9683,1.4796500000000001,2022-02-05 15:08:26.303270
3021.9683,1.4796500000000001,2022-02-05 15:08:26.492518
3021.949,0.99865,2022-02-05 15:08:26.681179
3021.949,0.99865,2022-02-05 15:08:26.866277
3021.949,0.99865,2022-02-05 15:08:27.051544
3021.949,0.99865,2022-02-05 15:08:27.251856
3021.949,0.99865,2022-02-05 15:08:27.442288
3021.949,0.99865,2022-02-05 15:08:27.637547
3021.9655000000002,1.12315,2022-02-05 15:08:27.828180
3022.0335,1.41185,2022-02-05 15:08:28.017799
3022.0335,1.41185,2022-02-05 15:08:28.206853
3022.0335,1.41185,2022-02-05 15:08:28.396897
3022.0335,1.41185,2022-02-05 15:08:28.583324
3022.0335,1.41185,2022-02-05 15:08:28.774539
3022.0335,1.41185,2022-02-05 15:08:28.979340
3022.0335,1.41185,2022-02-05 15:08:29.181034
3022.0506,1.60805,2022-02-05 15:08:29.370971
3022.0521,1.2175500000000001,2022-02-05 15:08:29.560422
3022.0521,1.2175500000000001,2022-02-05 15:08:29.754013
3022.0965,1.3465500000000001,2022-02-05 15:08:29.945232
3022.0965,1.3465500000000001,2022-02-05 15:08:30.148371
3022.0965,1.3465500000000001,2022-02-05 15:08:30.340439
3022.0965,1.3465500000000001,2022-02-05 15:08:30.528360
3022.0965,1.3465500000000001,2022-02-05 15:08:30.716932
3022.1119,1.5369,2022-02-05 15:08:30.914018
3022.0558,1.2123,2022-02-05 15:08:31.111434
3022.0558,1.2123,2022-02-05 15:08:31.305824
3022.0594,1.20705,2022-02-05 15:08:31.500193
3022.0594,1.20705,2022-02-05 15:08:31.686876
3022.0594,1.20705,2022-02-05 15:08:31.876656
3022.0594,1.20705,2022-02-05 15:08:32.066463
3022.0594,1.20705,2022-02-05 15:08:32.261817
3022.0819,1.1085,2022-02-05 15:08:32.456561
3022.0819,1.1085,2022-02-05 15:08:32.641288
3021.964,1.3595,2022-02-05 15:08:32.849541
3021.964,1.3595,2022-02-05 15:08:33.047641
3022.0169,1.5046,2022-02-05 15:08:33.248135
3022.0169,1.5046,2022-02-05 15:08:33.435938
3022.0169,1.5046,2022-02-05 15:08:33.628915
3022.0169,1.5046,2022-02-05 15:08:33.818030
3022.0206000000003,1.4987,2022-02-05 15:08:34.007137
3022.0206000000003,1.4987,2022-02-05 15:08:34.195569
3021.4891000000002,1.28165,2022-02-05 15:08:34.383518
3021.5385,1.26025,2022-02-05 15:08:34.572416
3021.5385,1.26025,2022-02-05 15:08:34.762266
3021.5385,1.26025,2022-02-05 15:08:34.950196
3021.5385,1.26025,2022-02-05 15:08:35.137997
3021.5385,1.26025,2022-02-05 15:08:35.331280
3021.5385,1.26025,2022-02-05 15:08:35.528543
3021.5385,1.26025,2022-02-05 15:08:35.716656
3021.5385,1.26025,2022-02-05 15:08:35.910421
3021.5385,1.26025,2022-02-05 15:08:36.102830
3021.5385,1.26025,2022-02-05 15:08:36.296054
3021.5385,1.26025,2022-02-05 15:08:36.493099
3021.5385,1.26025,2022-02-05 15:08:36.691513
3020.5663,3.10615,2022-02-05 15:08:36.885277
3020.5682,2.8776,2022-02-05 15:08:37.073997
3020.5663,3.10615,2022-02-05 15:08:37.263143
3020.5663,3.10615,2022-02-05 15:08:37.454948
3020.4727000000003,2.5332500000000002,2022-02-05 15:08:37.642936
3020.4727000000003,2.5332500000000002,2022-02-05 15:08:37.829444
3020.4727000000003,2.5332500000000002,2022-02-05 15:08:38.018045
3020.4727000000003,2.5332500000000002,2022-02-05 15:08:38.213760
3020.4727000000003,2.5332500000000002,2022-02-05 15:08:38.400003
3020.4727000000003,2.5332500000000002,2022-02-05 15:08:38.592364
3020.4727000000003,2.5332500000000002,2022-02-05 15:08:38.780725
3020.4727000000003,2.5332500000000002,2022-02-05 15:08:38.977611
3020.4727000000003,2.5332500000000002,2022-02-05 15:08:39.165274
3020.4727000000003,2.5332500000000002,2022-02-05 15:08:39.354691
3020.4727000000003,2.5332500000000002,2022-02-05 15:08:39.546426
3020.7178,2.15335,2022-02-05 15:08:39.736484
3020.7178,2.15335,2022-02-05 15:08:39.923907
3020.7189,2.3255,2022-02-05 15:08:40.114010
3020.7189,2.3255,2022-02-05 15:08:40.302334
3020.7189,2.3255,2022-02-05 15:08:40.499619
3020.6211,1.9438,2022-02-05 15:08:40.701999
3020.6211,1.9438,2022-02-05 15:08:40.890326
3020.6211,1.9438,2022-02-05 15:08:41.074976
3020.6211,1.9438,2022-02-05 15:08:41.265012
3020.6211,1.9438,2022-02-05 15:08:41.453662
3020.7555,1.5415,2022-02-05 15:08:41.642188
3020.7829,1.4301,2022-02-05 15:08:41.830651
3020.7829,1.4301,2022-02-05 15:08:42.024641
3020.7829,1.4301,2022-02-05 15:08:42.213094
3020.7829,1.4301,2022-02-05 15:08:42.398942
3020.7219,1.3888,2022-02-05 15:08:42.582697
3020.8081,1.2152,2022-02-05 15:08:42.772267
3020.8081,1.2152,2022-02-05 15:08:42.963655
3020.8081,1.2152,2022-02-05 15:08:43.150090
3020.8081,1.2152,2022-02-05 15:08:43.338914
3020.8114,1.211,2022-02-05 15:08:43.527702
3020.8114,1.211,2022-02-05 15:08:43.725919
3020.8114,1.211,2022-02-05 15:08:43.917207
3020.8114,1.211,2022-02-05 15:08:44.101215
3020.8472,1.0903,2022-02-05 15:08:44.293147
3020.8472,1.0903,2022-02-05 15:08:44.492842
3020.8472,1.0903,2022-02-05 15:08:44.685457
3020.818,1.20265,2022-02-05 15:08:44.880982
3020.818,1.20265,2022-02-05 15:08:45.071882
3020.818,1.20265,2022-02-05 15:08:45.255644
3020.818,1.20265,2022-02-05 15:08:45.440211
3020.818,1.20265,2022-02-05 15:08:45.625065
3020.818,1.20265,2022-02-05 15:08:45.817826
3020.818,1.20265,2022-02-05 15:08:46.009166
3020.8329,1.4292500000000001,2022-02-05 15:08:46.203002
3020.8329,1.4292500000000001,2022-02-05 15:08:46.388778
3020.8592,1.32715,2022-02-05 15:08:46.580123
3020.8592,1.32715,2022-02-05 15:08:46.770664
3020.8592,1.32715,2022-02-05 15:08:46.964562
3020.8592,1.32715,2022-02-05 15:08:47.155106
3020.9535,1.63245,2022-02-05 15:08:47.348269
3020.9535,1.63245,2022-02-05 15:08:47.532313
3020.9115,1.47545,2022-02-05 15:08:47.721519
3020.9115,1.47545,2022-02-05 15:08:47.909361
3020.9115,1.47545,2022-02-05 15:08:48.097963
3020.9115,1.47545,2022-02-05 15:08:48.285652
3020.9115,1.47545,2022-02-05 15:08:48.471831
3020.9115,1.47545,2022-02-05 15:08:48.662339
3020.9115,1.47545,2022-02-05 15:08:48.854730
3020.9115,1.47545,2022-02-05 15:08:49.045067
3020.8356,1.33,2022-02-05 15:08:49.236312
3020.8356,1.33,2022-02-05 15:08:49.425577
3020.8597,1.2359,2022-02-05 15:08:49.612797
3020.8225,1.1156,2022-02-05 15:08:49.811888
3020.8225,1.1156,2022-02-05 15:08:49.998801
3020.8225,1.1156,2022-02-05 15:08:50.189808
3020.8225,1.1156,2022-02-05 15:08:50.382643
3020.8597,1.2359,2022-02-05 15:08:50.568972
3020.8597,1.2359,2022-02-05 15:08:50.759819
3020.8805,0.9713,2022-02-05 15:08:50.947340
3020.8805,0.9713,2022-02-05 15:08:51.140689
3020.8933,1.18215,2022-02-05 15:08:51.326505
3020.8968,1.1772500000000001,2022-02-05 15:08:51.507739
3020.8968,1.1772500000000001,2022-02-05 15:08:51.692457
3020.8968,1.1772500000000001,2022-02-05 15:08:51.879150
3020.8968,1.1772500000000001,2022-02-05 15:08:52.070039
3020.8968,1.1772500000000001,2022-02-05 15:08:52.260062
3020.8968,1.1772500000000001,2022-02-05 15:08:52.456508
3020.8968,1.1772500000000001,2022-02-05 15:08:52.644961
3020.861,1.3292,2022-02-05 15:08:52.838429
3020.861,1.3292,2022-02-05 15:08:53.026191
3020.8968,1.1772500000000001,2022-02-05 15:08:53.213692
3020.8968,1.1772500000000001,2022-02-05 15:08:53.399912
3020.8774,1.25965,2022-02-05 15:08:53.588082
3020.8774,1.25965,2022-02-05 15:08:53.779521
3020.8627,1.057,2022-02-05 15:08:53.970531
3020.8627,1.057,2022-02-05 15:08:54.165730
3020.8627,1.057,2022-02-05 15:08:54.352784
3020.8732,1.0432000000000001,2022-02-05 15:08:54.550165
3020.8732,1.0432000000000001,2022-02-05 15:08:54.739961
3020.8732,1.0432000000000001,2022-02-05 15:08:54.936096
3020.8732,1.0432000000000001,2022-02-05 15:08:55.127615
3020.9109,1.1574,2022-02-05 15:08:55.325645
3020.9109,1.1574,2022-02-05 15:08:55.517283
3020.9109,1.1574,2022-02-05 15:08:55.706198
3020.8732,1.0432000000000001,2022-02-05 15:08:55.894578
3020.8732,1.0432000000000001,2022-02-05 15:08:56.082797
3020.8732,1.0432000000000001,2022-02-05 15:08:56.265236
3020.8732,1.0432000000000001,2022-02-05 15:08:56.453905
3020.8732,1.0432000000000001,2022-02-05 15:08:56.635856
3020.8732,1.0432000000000001,2022-02-05 15:08:56.825378
3020.8732,1.0432000000000001,2022-02-05 15:08:57.019126
3020.8732,1.0432000000000001,2022-02-05 15:08:57.217330
3020.9766,1.2402,2022-02-05 15:08:57.406909
3020.9766,1.2402,2022-02-05 15:08:57.593955
3021.3538,1.09605,2022-02-05 15:08:57.787510
3021.3538,1.09605,2022-02-05 15:08:57.980091
3021.3538,1.09605,2022-02-05 15:08:58.168203
3021.3538,1.09605,2022-02-05 15:08:58.363523
3021.3418,1.1819,2022-02-05 15:08:58.560140
3021.3884000000003,0.95475,2022-02-05 15:08:58.748415
3021.3884000000003,0.95475,2022-02-05 15:08:58.940715
3021.4143,1.0443,2022-02-05 15:08:59.132951
3021.4143,1.0443,2022-02-05 15:08:59.322637
3021.4143,1.0443,2022-02-05 15:08:59.509658
3021.4512,0.97855,2022-02-05 15:08:59.705999
3021.4512,0.97855,2022-02-05 15:08:59.893723
3021.1775000000002,0.79235,2022-02-05 15:09:00.089495
3021.1775000000002,0.79235,2022-02-05 15:09:00.282497
3021.0828,0.9344,2022-02-05 15:09:00.472251
3021.0828,0.9344,2022-02-05 15:09:00.664693
3021.0828,0.9344,2022-02-05 15:09:00.852208
3021.0828,0.9344,2022-02-05 15:09:01.041016
3021.0828,0.9344,2022-02-05 15:09:01.238734
3021.0828,0.9344,2022-02-05 15:09:01.431373
3021.2636,1.1609,2022-02-05 15:09:01.625491
3021.2636,1.1609,2022-02-05 15:09:01.814362
3021.2321,1.27345,2022-02-05 15:09:02.006387
3021.2321,1.27345,2022-02-05 15:09:02.198949
3021.2321,1.27345,2022-02-05 15:09:02.389465
3021.2321,1.27345,2022-02-05 15:09:02.581093
3021.2321,1.27345,2022-02-05 15:09:02.764912
3021.2321,1.27345,2022-02-05 15:09:02.950735
3021.2321,1.27345,2022-02-05 15:09:03.144389
3021.2442,1.4244,2022-02-05 15:09:03.343240
3021.1952,1.04815,2022-02-05 15:09:03.532217
3021.1952,1.04815,2022-02-05 15:09:03.724511
3021.1952,1.04815,2022-02-05 15:09:03.913023
3021.1952,1.04815,2022-02-05 15:09:04.100616
3021.1952,1.04815,2022-02-05 15:09:04.288421
3021.1952,1.04815,2022-02-05 15:09:04.481942
3021.1952,1.04815,2022-02-05 15:09:04.669392
3021.1952,1.04815,2022-02-05 15:09:04.858580
3021.2552,1.33495,2022-02-05 15:09:05.054104
3021.2552,1.33495,2022-02-05 15:09:05.251702
3021.2552,1.33495,2022-02-05 15:09:05.442756
3021.2754,1.18655,2022-02-05 15:09:05.631216
3021.2255,1.234,2022-02-05 15:09:05.823799
3021.2255,1.234,2022-02-05 15:09:06.016855
3021.2659,1.2478500000000001,2022-02-05 15:09:06.206944
3021.2539,1.1463,2022-02-05 15:09:06.393755
3021.2539,1.1463,2022-02-05 15:09:06.589652
3021.237,1.216,2022-02-05 15:09:06.784744
3021.237,1.216,2022-02-05 15:09:06.974150
3021.237,1.216,2022-02-05 15:09:07.161792
3021.237,1.216,2022-02-05 15:09:07.358167
3021.237,1.216,2022-02-05 15:09:07.570095
3021.4781000000003,1.2768,2022-02-05 15:09:07.758474
3021.5861,1.07505,2022-02-05 15:09:07.948998
3022.1021,1.36395,2022-02-05 15:09:08.135393
3022.1021,1.36395,2022-02-05 15:09:08.334116
3021.9037,1.10035,2022-02-05 15:09:08.522424
3021.9037,1.10035,2022-02-05 15:09:08.715925
3021.9037,1.10035,2022-02-05 15:09:08.907430
3021.9427,0.96025,2022-02-05 15:09:09.096091
3021.9398,0.86105,2022-02-05 15:09:09.289847
3021.9398,0.86105,2022-02-05 15:09:09.481166
3021.9398,0.86105,2022-02-05 15:09:09.677114
3022.0163000000002,0.83275,2022-02-05 15:09:09.861350
3021.8489,0.6888,2022-02-05 15:09:10.053909
3021.8489,0.6888,2022-02-05 15:09:10.246585
3021.8489,0.6888,2022-02-05 15:09:10.437700
3021.8489,0.6888,2022-02-05 15:09:10.624521
3021.8489,0.6888,2022-02-05 15:09:10.814664
3021.8405000000002,0.7321,2022-02-05 15:09:11.008997
3021.8405000000002,0.7321,2022-02-05 15:09:11.199061
3021.8405000000002,0.7321,2022-02-05 15:09:11.386468
3021.8405000000002,0.7321,2022-02-05 15:09:11.584772
3021.8405000000002,0.7321,2022-02-05 15:09:11.780067
3021.8405000000002,0.7321,2022-02-05 15:09:11.974430
3021.8405000000002,0.7321,2022-02-05 15:09:12.164550
3021.9811,1.06895,2022-02-05 15:09:12.355610
3022.0224000000003,0.92725,2022-02-05 15:09:12.544168
3022.0224000000003,0.92725,2022-02-05 15:09:12.736153
3021.9956,1.0239,2022-02-05 15:09:12.927052
3021.9956,1.0239,2022-02-05 15:09:13.110852
3021.9956,1.0239,2022-02-05 15:09:13.299958
3021.9956,1.0239,2022-02-05 15:09:13.487970
3022.0022,1.0159500000000001,2022-02-05 15:09:13.678246
3022.0022,1.0159500000000001,2022-02-05 15:09:13.866202
3022.0022,1.0159500000000001,2022-02-05 15:09:14.063049
3022.0022,1.0159500000000001,2022-02-05 15:09:14.248413
3022.0288,0.9203,2022-02-05 15:09:14.436122
3022.0288,0.9203,2022-02-05 15:09:14.625445
3022.0288,0.9203,2022-02-05 15:09:14.819315
3022.0288,0.9203,2022-02-05 15:09:15.018891
3022.0288,0.9203,2022-02-05 15:09:15.206762
3022.0345,1.1255,2022-02-05 15:09:15.396511
3022.0088,1.0079500000000001,2022-02-05 15:09:15.588390
3022.0088,1.0079500000000001,2022-02-05 15:09:15.777121
3022.0412,1.1168,2022-02-05 15:09:15.963588
3022.0412,1.1168,2022-02-05 15:09:16.151018
3022.0412,1.1168,2022-02-05 15:09:16.341825
3022.0412,1.1168,2022-02-05 15:09:16.533457
3022.0412,1.1168,2022-02-05 15:09:16.720595
3022.0412,1.1168,2022-02-05 15:09:16.905750
3022.0412,1.1168,2022-02-05 15:09:17.097712
3022.0412,1.1168,2022-02-05 15:09:17.306712
3022.0412,1.1168,2022-02-05 15:09:17.503921
3022.0386,1.63735,2022-02-05 15:09:17.719836
3022.0386,1.63735,2022-02-05 15:09:17.911966
3022.0518,1.5751,2022-02-05 15:09:18.104267
3022.0541000000003,1.70025,2022-02-05 15:09:18.296480
3022.0541000000003,1.70025,2022-02-05 15:09:18.484176
3022.0541000000003,1.70025,2022-02-05 15:09:18.678638
3021.5326,1.296,2022-02-05 15:09:18.871159
3021.5326,1.296,2022-02-05 15:09:19.054174
3021.5326,1.296,2022-02-05 15:09:19.251192
3021.5326,1.296,2022-02-05 15:09:19.440397
3021.6966,1.13255,2022-02-05 15:09:19.631611
3021.6966,1.13255,2022-02-05 15:09:19.816052
3021.6481,0.94175,2022-02-05 15:09:20.009295
3021.6481,0.94175,2022-02-05 15:09:20.199584
3021.6856000000002,0.923,2022-02-05 15:09:20.393047
3021.6856000000002,0.923,2022-02-05 15:09:20.592132
3021.6856000000002,0.923,2022-02-05 15:09:20.787714
3021.6616,0.81125,2022-02-05 15:09:20.968436
3021.6616,0.81125,2022-02-05 15:09:21.162920
3021.6316,0.82625,2022-02-05 15:09:21.349187
3021.6316,0.82625,2022-02-05 15:09:21.542295
3021.6616,0.81125,2022-02-05 15:09:21.729065
3021.6572,0.81345,2022-02-05 15:09:21.921829
3021.6572,0.81345,2022-02-05 15:09:22.115223
3021.6572,0.81345,2022-02-05 15:09:22.308542
3021.6572,0.81345,2022-02-05 15:09:22.497926
3021.6845,0.7998000000000001,2022-02-05 15:09:22.691479
3021.6845,0.7998000000000001,2022-02-05 15:09:22.880020
3021.6845,0.7998000000000001,2022-02-05 15:09:23.067885
3021.5411,0.9610500000000001,2022-02-05 15:09:23.267051
3021.5411,0.9610500000000001,2022-02-05 15:09:23.460585
3021.5411,0.9610500000000001,2022-02-05 15:09:23.646618
3021.5887000000002,0.91445,2022-02-05 15:09:23.836652
3021.5887000000002,0.91445,2022-02-05 15:09:24.030177
3021.5887000000002,0.91445,2022-02-05 15:09:24.216990
3021.5887000000002,0.91445,2022-02-05 15:09:24.402704
3021.5887000000002,0.91445,2022-02-05 15:09:24.590247
3021.5887000000002,0.91445,2022-02-05 15:09:24.785256
3021.5436,0.937,2022-02-05 15:09:24.975026
3021.5436,0.937,2022-02-05 15:09:25.162691
3021.5436,0.937,2022-02-05 15:09:25.364077
3021.5436,0.937,2022-02-05 15:09:25.567807
3021.5879,0.91485,2022-02-05 15:09:25.755906
3021.5879,0.91485,2022-02-05 15:09:25.944640
3021.5446,0.9365,2022-02-05 15:09:26.142143
3021.5446,0.9365,2022-02-05 15:09:26.346041
3021.5887000000002,0.91445,2022-02-05 15:09:26.544422
3021.5887000000002,0.91445,2022-02-05 15:09:26.749149
3021.5474,0.9351,2022-02-05 15:09:26.935638
3021.5474,0.9351,2022-02-05 15:09:27.123987
3021.5471000000002,0.93525,2022-02-05 15:09:27.314436
3021.5471000000002,0.93525,2022-02-05 15:09:27.501787
3021.5921,0.9127500000000001,2022-02-05 15:09:27.705934
3021.5921,0.9127500000000001,2022-02-05 15:09:27.897187
3021.5745,0.93905,2022-02-05 15:09:28.080520
3021.5745,0.93905,2022-02-05 15:09:28.277568
3021.5745,0.93905,2022-02-05 15:09:28.481294
3021.5745,0.93905,2022-02-05 15:09:28.665713
3021.5745,0.93905,2022-02-05 15:09:28.854208
3021.6251,1.3486500000000001,2022-02-05 15:09:29.042813
3021.6251,1.3486500000000001,2022-02-05 15:09:29.232243
3021.6251,1.3486500000000001,2022-02-05 15:09:29.422818
3021.6011,1.20185,2022-02-05 15:09:29.609030
3021.602,1.1816,2022-02-05 15:09:29.800714
3021.602,1.1816,2022-02-05 15:09:29.991899
3021.602,1.1816,2022-02-05 15:09:30.183214
3021.602,1.1816,2022-02-05 15:09:30.372994
3021.6401,1.30155,2022-02-05 15:09:30.562519
3021.6401,1.30155,2022-02-05 15:09:30.748517
3021.5683,1.1297,2022-02-05 15:09:30.940371
3021.5683,1.1297,2022-02-05 15:09:31.142400
3021.5683,1.1297,2022-02-05 15:09:31.334984
3021.5683,1.1297,2022-02-05 15:09:31.535751
3021.5683,1.1297,2022-02-05 15:09:31.723149
3021.5683,1.1297,2022-02-05 15:09:31.913904
3021.6011,1.20185,2022-02-05 15:09:32.096627
3021.6011,1.20185,2022-02-05 15:09:32.284339
3021.8735,0.99555,2022-02-05 15:09:32.476175
3021.8735,0.99555,2022-02-05 15:09:32.664764
3021.8735,0.99555,2022-02-05 15:09:32.847395
3021.8735,0.99555,2022-02-05 15:09:33.033944
3021.8735,0.99555,2022-02-05 15:09:33.221385
3021.9166,1.10975,2022-02-05 15:09:33.415373
3021.9166,1.10975,2022-02-05 15:09:33.605355
3021.9166,1.10975,2022-02-05 15:09:33.796563
3021.9155,1.10385,2022-02-05 15:09:33.982164
3021.9155,1.10385,2022-02-05 15:09:34.191664
3021.9182,1.0925,2022-02-05 15:09:34.382821
3021.9182,1.0925,2022-02-05 15:09:34.573526
3021.9182,1.0925,2022-02-05 15:09:34.768712
3021.9182,1.0925,2022-02-05 15:09:34.955547
3022.545,1.41555,2022-02-05 15:09:35.141530
3022.545,1.41555,2022-02-05 15:09:35.330165
3022.545,1.6346,2022-02-05 15:09:35.521593
3022.5205,1.1817,2022-02-05 15:09:35.705065
3022.5205,1.1817,2022-02-05 15:09:35.894413
3022.251,0.73955,2022-02-05 15:09:36.082155
3022.251,0.73955,2022-02-05 15:09:36.269448
3022.2536,0.7247,2022-02-05 15:09:36.460958
3022.2536,0.7247,2022-02-05 15:09:36.649390
3022.2536,0.7247,2022-02-05 15:09:36.835961
3022.2536,0.7247,2022-02-05 15:09:37.022887
3022.2536,0.7247,2022-02-05 15:09:37.213596
3022.2536,0.7247,2022-02-05 15:09:37.400674
3022.2536,0.7247,2022-02-05 15:09:37.591242
3022.2833,0.87255,2022-02-05 15:09:37.789033
3022.2833,0.87255,2022-02-05 15:09:37.987180
3022.2517000000003,0.7899,2022-02-05 15:09:38.184052
3022.2517000000003,0.7899,2022-02-05 15:09:38.376078
3022.4177,1.4861,2022-02-05 15:09:38.575241
3022.4177,1.4861,2022-02-05 15:09:38.761269
3022.4177,1.4861,2022-02-05 15:09:38.956239
3022.4177,1.4861,2022-02-05 15:09:39.148742
3022.4177,1.4861,2022-02-05 15:09:39.342321
3022.4177,1.4861,2022-02-05 15:09:39.534644
3022.4177,1.4861,2022-02-05 15:09:39.722933
3022.4177,1.4861,2022-02-05 15:09:39.909739
3022.4210000000003,1.4813,2022-02-05 15:09:40.098648
3022.4210000000003,1.4813,2022-02-05 15:09:40.286091
3022.4210000000003,1.4813,2022-02-05 15:09:40.473987
3022.4210000000003,1.4813,2022-02-05 15:09:40.663602
3022.4210000000003,1.4813,2022-02-05 15:09:40.852347
3022.4278,1.47185,2022-02-05 15:09:41.041449
3022.1606,1.1184,2022-02-05 15:09:41.231045
3022.1606,1.1184,2022-02-05 15:09:41.417527
3022.1316,0.9801,2022-02-05 15:09:41.608172
3022.1316,0.9801,2022-02-05 15:09:41.794984
3022.1316,0.9801,2022-02-05 15:09:41.989455
3022.1316,0.9801,2022-02-05 15:09:42.178193
3022.1316,0.9801,2022-02-05 15:09:42.372858
3022.1316,0.9801,2022-02-05 15:09:42.564107
3022.147,1.16575,2022-02-05 15:09:42.760288
3022.147,1.16575,2022-02-05 15:09:42.948848
3022.161,0.8846,2022-02-05 15:09:43.139901
3022.161,0.8846,2022-02-05 15:09:43.328982
3022.1341,0.9718,2022-02-05 15:09:43.518407
3022.1341,0.9718,2022-02-05 15:09:43.705251
3022.1341,0.9718,2022-02-05 15:09:43.896524
3022.1064,0.78905,2022-02-05 15:09:44.085690
3022.1064,0.78905,2022-02-05 15:09:44.275953
3022.1283,0.7645000000000001,2022-02-05 15:09:44.464926
3022.1283,0.7645000000000001,2022-02-05 15:09:44.655523
3022.1101,0.78435,2022-02-05 15:09:44.842423
3022.1101,0.78435,2022-02-05 15:09:45.035682
3022.1101,0.78435,2022-02-05 15:09:45.228510
3022.1101,0.78435,2022-02-05 15:09:45.418178
3022.1101,0.78435,2022-02-05 15:09:45.616726
3022.1101,0.78435,2022-02-05 15:09:45.799528
3022.1101,0.78435,2022-02-05 15:09:45.989193
3022.1101,0.78435,2022-02-05 15:09:46.180659
3022.161,0.9928,2022-02-05 15:09:46.362364
3022.161,0.9928,2022-02-05 15:09:46.554457
3022.1481,0.86665,2022-02-05 15:09:46.751876
3022.1338,0.91905,2022-02-05 15:09:46.946100
3022.1338,0.91905,2022-02-05 15:09:47.137193
3022.1338,0.91905,2022-02-05 15:09:47.340515
3022.1338,0.91905,2022-02-05 15:09:47.532479
3022.1338,0.91905,2022-02-05 15:09:47.725760
3022.1338,0.91905,2022-02-05 15:09:47.913318
3022.1469,0.82865,2022-02-05 15:09:48.101115
3022.1469,0.82865,2022-02-05 15:09:48.304502
3022.1318,0.8227,2022-02-05 15:09:48.516301
3022.146,0.7696500000000001,2022-02-05 15:09:48.710583
3022.146,0.7696500000000001,2022-02-05 15:09:48.911461
3022.146,0.7696500000000001,2022-02-05 15:09:49.106162
3022.146,0.7696500000000001,2022-02-05 15:09:49.299459
3022.146,0.7696500000000001,2022-02-05 15:09:49.492231
3022.1185,0.73355,2022-02-05 15:09:49.681443
3022.1185,0.73355,2022-02-05 15:09:49.869517
3022.1527,0.7534000000000001,2022-02-05 15:09:50.060306
3022.1527,0.7534000000000001,2022-02-05 15:09:50.251690
3022.1527,0.7534000000000001,2022-02-05 15:09:50.440304
3022.1527,0.7534000000000001,2022-02-05 15:09:50.629640
3022.1527,0.7534000000000001,2022-02-05 15:09:50.816666
3022.1596,0.737,2022-02-05 15:09:51.006750
3022.1375000000003,0.72735,2022-02-05 15:09:51.197059
3022.1375000000003,0.72735,2022-02-05 15:09:51.385237
3022.1596,0.737,2022-02-05 15:09:51.576101
3022.1596,0.737,2022-02-05 15:09:51.761057
3022.4259,0.8052,2022-02-05 15:09:51.948871
3022.4259,0.8052,2022-02-05 15:09:52.134739
3022.4259,0.8052,2022-02-05 15:09:52.327494
3022.4259,0.8052,2022-02-05 15:09:52.530369
3022.4228000000003,0.8114,2022-02-05 15:09:52.726634
3022.4228000000003,0.8114,2022-02-05 15:09:52.914614
3022.4228000000003,0.8114,2022-02-05 15:09:53.102560
3022.4228000000003,0.6667500000000001,2022-02-05 15:09:53.293609
3022.4228000000003,0.6667500000000001,2022-02-05 15:09:53.485890
3022.4228000000003,0.6667500000000001,2022-02-05 15:09:53.674571
3022.4228000000003,0.6667500000000001,2022-02-05 15:09:53.870102
3022.6307,1.42055,2022-02-05 15:09:54.071235
3022.6307,1.42055,2022-02-05 15:09:54.259292
3022.6573,1.28935,2022-02-05 15:09:54.449283
3022.6573,1.28935,2022-02-05 15:09:54.640900
3022.6721000000002,1.5633000000000001,2022-02-05 15:09:54.829567
3022.6721000000002,1.5633000000000001,2022-02-05 15:09:55.013885
3022.6721000000002,1.5633000000000001,2022-02-05 15:09:55.209002
3022.6721000000002,1.5633000000000001,2022-02-05 15:09:55.398438
3022.7253,1.74055,2022-02-05 15:09:55.583815
3022.7253,1.74055,2022-02-05 15:09:55.776387
3022.7253,1.74055,2022-02-05 15:09:55.966522
3022.7253,1.74055,2022-02-05 15:09:56.159196
3022.6804,1.57825,2022-02-05 15:09:56.346554
3022.6911,1.5826,2022-02-05 15:09:56.538320
3022.6911,1.5826,2022-02-05 15:09:56.729600
3022.6911,1.5826,2022-02-05 15:09:56.925015
3022.6911,1.5826,2022-02-05 15:09:57.109454
3022.6911,1.5826,2022-02-05 15:09:57.300838
3022.6911,1.5826,2022-02-05 15:09:57.486752
3022.6911,1.5826,2022-02-05 15:09:57.674265
